,count,mean,std,min,25%,50%,75%,max
id,70000.0,49972.4199,28851.30232317292,0.0,25006.75,50001.5,74889.25,99999.0
age,70000.0,52.840671428571426,6.766773653742167,29.0,48.0,53.0,58.0,64.0
gender,70000.0,1.3495714285714286,0.4768380155828639,1.0,1.0,1.0,2.0,2.0
height,70000.0,164.35922857142856,8.210126364538038,55.0,159.0,165.0,170.0,250.0
weight,70000.0,74.20569,14.39575667851138,10.0,65.0,72.0,82.0,200.0
ap_hi,70000.0,128.8172857142857,154.01141945609137,-150.0,120.0,120.0,140.0,16020.0
ap_lo,70000.0,96.63041428571428,188.47253029639026,-70.0,80.0,80.0,90.0,11000.0
cholesterol,70000.0,1.3668714285714285,0.6802503486993808,1.0,1.0,1.0,2.0,3.0
gluc,70000.0,1.226457142857143,0.572270276613845,1.0,1.0,1.0,1.0,3.0
smoke,70000.0,0.08812857142857143,0.28348381676993517,0.0,0.0,0.0,0.0,1.0
alco,70000.0,0.053771428571428574,0.22556770360410494,0.0,0.0,0.0,0.0,1.0
active,70000.0,0.8037285714285715,0.39717906350492826,0.0,1.0,1.0,1.0,1.0
cardio,70000.0,0.4997,0.5000034814661862,0.0,0.0,0.0,1.0,1.0
