model,accuracy,precision,recall,f1,roc_auc,fit_evaluate_seconds
GradientBoosting,0.7316666666666667,0.7485930625191856,0.6971602820659425,0.721961809838654,0.7994574719316915,3.403565600005095
GradientBoosting tuned (CV),0.7304285714285714,0.7454545454545455,0.6993520106727654,0.7216677319435567,0.7981407821593484,0.08335219999571564
Stacking,0.7288095238095238,0.7460773254025228,0.6932532875929103,0.7186959743146456,0.7915895827412697,20.203476199996658
AdaBoost,0.7259047619047619,0.765107430617726,0.6515151515151515,0.7037570766855378,0.7925689526755764,2.1256861000001663
RidgeClassifier,0.7240952380952381,0.7558240801219247,0.6616161616161617,0.7055894308943089,0.7864717851517846,0.05129040000610985
Bagging KNN,0.7165238095238096,0.737823400020949,0.6712407089765581,0.702958934184921,0.7765444349714254,8.46784270000353
RandomForest,0.7091428571428572,0.712047959775672,0.7017343243758338,0.7068535227490881,0.764956023024189,6.993223999998008
ExtraTrees,0.6930952380952381,0.6945699183085056,0.6886792452830188,0.6916120388535336,0.7406714482011079,6.967114700004458
Dummy baseline,0.5002857142857143,0.0,0.0,0.0,0.5,0.018047999998088926
