feature,coefficient,p_value
const,-1.6708301119137894,0.0
age,0.010149285704230772,0.0
gender,-0.00410359404049763,0.32780460274662737
height,-0.0007817005750694415,0.0012438675057575297
weight,0.002091991386177256,2.3991557455808084e-61
ap_hi,0.009648525326325558,0.0
ap_lo,0.003993565488751438,9.74265392875766e-51
cholesterol,0.09411493699372382,8.942218724572304e-247
gluc,-0.02070015581036754,1.768314087270504e-10
smoke,-0.025749169822233436,7.710312842273214e-05
alco,-0.037864351987133844,1.301221457189645e-06
active,-0.043688422722410074,1.032626296896781e-25
